open_time,open,high,low,close,volume,close_time,quote_asset_volume,trades,taker_buy_base_asset_volume,taker_buy_quote_asset_volume,symbol
2021-11-22 01:00:00,3.781,5.8,1.05,5.179,11057300.2,2021-11-23 00:59:59,56049363.0378,180718,5611513.9,28537054.8028,TSLA
2021-11-23 01:00:00,5.179,5.818,4.688,4.907,4146464.9,2021-11-24 00:59:59,21475026.1736,69957,2083011.2,10781517.7706,TSLA
2021-11-24 01:00:00,4.906,4.927,4.18,4.354,1729492.5,2021-11-25 00:59:59,7741955.1285,24855,870766.2,3897096.3964,TSLA
2021-11-25 01:00:00,4.362,4.946,4.234,4.268,2094587.7,2021-11-26 00:59:59,9631339.2991,27137,1080292.3,4989969.1544,TSLA
2021-11-26 01:00:00,4.267,4.433,3.759,3.842,1341030.5,2021-11-27 00:59:59,5510112.992,15789,666347.1,2740107.676,TSLA
2021-11-27 01:00:00,3.833,4.023,3.719,3.793,709578.9,2021-11-28 00:59:59,2738647.8715,8835,340037.7,1312927.4907,TSLA
2021-11-28 01:00:00,3.796,4.257,3.551,3.926,1348560.6,2021-11-29 00:59:59,5267525.6505,21322,650219.6,2542879.4725,TSLA
2021-11-29 01:00:00,3.926,4.435,3.885,4.223,970045,2021-11-30 00:59:59,4054332.446,18207,485512.6,2028071.1124,TSLA
2021-11-30 01:00:00,4.215,4.77,3.852,4.633,2149068.7,2021-12-01 00:59:59,9142256.383,31233,1102946.4,4704466.831,TSLA
2021-12-01 01:00:00,4.631,5.499,4.579,4.762,8193602.4,2021-12-02 00:59:59,41466447.5767,137268,4019275,20368876.7999,TSLA
2021-12-02 01:00:00,4.754,5.082,4.547,4.581,1377252.5,2021-12-03 00:59:59,6572052.6263,24785,660117.1,3151806.4778,TSLA
2021-12-03 01:00:00,4.583,4.746,4.12,4.416,861383.2,2021-12-04 00:59:59,3813085.3078,14139,393532.4,1744902.3909,TSLA
2021-12-04 01:00:00,4.416,4.6,3.458,4.153,1618566.3,2021-12-05 00:59:59,6578923.6236,25662,804738.9,3287539.5421,TSLA
2021-12-05 01:00:00,4.156,4.6,3.802,3.961,998297.2,2021-12-06 00:59:59,4036519.2724,15879,466864.2,1895067.4461,TSLA
2021-12-06 01:00:00,3.951,4,3.6,3.908,651767.7,2021-12-07 00:59:59,2459215.0438,10432,294852.5,1115898.0009,TSLA
2021-12-07 01:00:00,3.907,4.094,3.695,3.856,706064.6,2021-12-08 00:59:59,2754864.949,9744,332737.3,1298549.1993,TSLA
2021-12-08 01:00:00,3.856,4.288,3.73,3.999,655007.8,2021-12-09 00:59:59,2627190.6764,12311,328740.4,1317541.0921,TSLA
2021-12-09 01:00:00,3.999,4.03,3.556,3.606,586453.5,2021-12-10 00:59:59,2207861.39,8024,264306,993026.7294,TSLA
2021-12-10 01:00:00,3.604,3.72,3.35,3.35,1099955.5,2021-12-11 00:59:59,3846792.5196000002,12077,526455.9,1842691.5099,TSLA
2021-12-11 01:00:00,3.353,3.645,3.314,3.613,439627,2021-12-12 00:59:59,1538234.409,5976,203039.4,713747.4506,TSLA
2021-12-12 01:00:00,3.61,3.685,3.497,3.668,299544.4,2021-12-13 00:59:59,1081357.5898,4842,161716.4,584987.3097,TSLA
2021-12-13 01:00:00,3.668,3.685,3.186,3.306,597224.1,2021-12-14 00:59:59,2044665.802,8402,262358.1,899014.8375,TSLA
2021-12-14 01:00:00,3.307,3.399,3.023,3.209,916281,2021-12-15 00:59:59,2955657.2432,10349,419025.5,1352745.8251,TSLA
2021-12-15 01:00:00,3.205,3.481,3.051,3.366,654691.3,2021-12-16 00:59:59,2117344.7572,10313,349279.5,1127563.0661,TSLA
2021-12-16 01:00:00,3.37,3.6,3.14,3.151,404023,2021-12-17 00:59:59,1348347.7505,6616,191675.9,641751.9884,TSLA
2021-12-17 01:00:00,3.15,3.366,3.012,3.097,490088,2021-12-18 00:59:59,1544296.9261,7878,249937.9,790348.2162,TSLA
2021-12-18 01:00:00,3.09,3.186,3.006,3.126,206292.9,2021-12-19 00:59:59,640626.9298,3573,94690.2,294209.3328,TSLA
2021-12-19 01:00:00,3.124,3.248,3.048,3.066,250336.3,2021-12-20 00:59:59,781371.2655,5087,122945.1,383822.5936,TSLA
2021-12-20 01:00:00,3.064,3.083,2.772,2.887,652417.2,2021-12-21 00:59:59,1902501.2688,9963,296490.8,866776.7038,TSLA
2021-12-21 01:00:00,2.887,3.167,2.875,2.97,1164820.9,2021-12-22 00:59:59,3526867.8714,11349,548885.2,1664788.6199,TSLA
2021-12-22 01:00:00,2.976,3.085,2.889,2.965,512179.2,2021-12-23 00:59:59,1518924.8278,7756,268194.5,795360.4476,TSLA
2021-12-23 01:00:00,2.965,3.2,2.914,3.159,374758.1,2021-12-24 00:59:59,1134671.5693,5151,203338.5,617694.1433,TSLA
2021-12-24 01:00:00,3.158,3.233,3.04,3.068,312961.1,2021-12-25 00:59:59,978797.0023,4567,145453.8,455928.2902,TSLA
2021-12-25 01:00:00,3.068,3.191,2.995,3.063,239866.2,2021-12-26 00:59:59,737402.1998,3593,132727.2,408905.8127,TSLA
2021-12-26 01:00:00,3.058,3.408,3.009,3.187,774193.6,2021-12-27 00:59:59,2496585.2522,12355,385114.3,1241249.8845,TSLA
2021-12-27 01:00:00,3.175,3.856,3.169,3.413,3632358.9,2021-12-28 00:59:59,13063670.5146,62483,1867516.7,6717805.2719,TSLA
2021-12-28 01:00:00,3.422,3.44,3.01,3.087,709334,2021-12-29 00:59:59,2283700.0138,10292,357750.9,1152086.1431,TSLA
2021-12-29 01:00:00,3.087,3.134,2.9,2.911,591230.2,2021-12-30 00:59:59,1795347.3705,7981,284405.6,867090.1036,TSLA
2021-12-30 01:00:00,2.909,3.161,2.816,3.082,1056060.5,2021-12-31 00:59:59,3145372.411,11609,450094.1,1340725.1079,TSLA
2021-12-31 01:00:00,3.084,3.143,2.881,2.968,544473.2,2022-01-01 00:59:59,1642437.2479,7692,289055.3,873071.1772,TSLA
2022-01-01 01:00:00,2.968,3.106,2.915,3.038,404753.6,2022-01-02 00:59:59,1217695.3284,6117,217365,653629.319,TSLA
2022-01-02 01:00:00,3.038,3.11,2.981,3.042,325109.5,2022-01-03 00:59:59,985806.012,4322,173243.7,526602.4171,TSLA
2022-01-03 01:00:00,3.042,3.11,2.907,2.96,400395.7,2022-01-04 00:59:59,1199447.7024,5220,202460.4,607308.5623,TSLA
2022-01-04 01:00:00,2.965,3.134,2.929,3.053,399889.4,2022-01-05 00:59:59,1209152.4534,5725,215471.4,652095.64,TSLA
2022-01-05 01:00:00,2.973,3.08,2.93,2.992,377692.8,2022-01-06 00:59:59,1142957.5001,4997,198975.7,602240.4647,TSLA
2022-01-06 01:00:00,2.73,2.783,2.633,2.741,119546.5,2022-01-07 00:59:59,325788.0123,2011,71870.4,195783.4859,TSLA
2022-01-07 01:00:00,2.786,2.818,2.547,2.685,429642.6,2022-01-08 00:59:59,1148203.2978,3910,236651.8,626669.5646,TSLA
2022-01-08 01:00:00,2.607,2.688,2.607,2.663,109879.2,2022-01-09 00:59:59,290169.0837,1196,69500.7,183775.8528,TSLA
2022-01-09 01:00:00,2.593,2.754,2.527,2.597,215503.7,2022-01-10 00:59:59,555602.9904,2143,127264.1,328017.1241,TSLA
2022-01-10 01:00:00,2.62,2.634,2.569,2.606,142870.2,2022-01-11 00:59:59,371547.2992,1161,90510.7,235386.5926,TSLA
2022-01-11 01:00:00,2.513,2.599,2.508,2.571,37850.5,2022-01-12 00:59:59,96814.3803,537,19820.6,50675.0083,TSLA
2022-01-12 01:00:00,2.588,2.591,2.506,2.546,102232.4,2022-01-13 00:59:59,259840.3106,1048,49768.1,126754.8835,TSLA
2022-01-13 01:00:00,2.653,2.663,2.617,2.621,72441.2,2022-01-14 00:59:59,190683.1399,783,40508,106620.21,TSLA
2022-01-14 01:00:00,2.467,2.51,2.444,2.494,226863.3,2022-01-15 00:59:59,560616.2601,1867,142180.2,351396.4084,TSLA
2022-01-15 01:00:00,2.463,2.538,2.447,2.533,133539.6,2022-01-16 00:59:59,333106.1148,1426,64822.2,161683.9028,TSLA
2022-01-16 01:00:00,2.552,2.553,2.462,2.487,495834.3,2022-01-17 00:59:59,1238961.5642,5467,207451.9,519446.6733,TSLA
2022-01-17 01:00:00,2.489,2.525,2.455,2.523,184106.1,2022-01-18 00:59:59,457814.6314,1903,100369.3,250042.6996,TSLA
2022-01-18 01:00:00,2.401,2.424,2.292,2.337,283683.9,2022-01-19 00:59:59,668110.8797,2701,124481.6,293334.1869,TSLA
2022-01-19 01:00:00,2.317,2.319,2.261,2.285,142632.7,2022-01-20 00:59:59,326377.6385,1473,72175.7,165400.3547,TSLA
2022-01-20 01:00:00,2.252,2.275,2.23,2.264,175577.2,2022-01-21 00:59:59,395530.8548,1671,92313.4,208218.6681,TSLA
2022-01-21 01:00:00,2.095,2.163,1.973,1.998,1149244.6,2022-01-22 00:59:59,2356773.6135,8999,563988,1159390.0209,TSLA
2022-01-22 01:00:00,1.944,1.953,1.766,1.774,569324.1,2022-01-23 00:59:59,1056169.3693,5084,315011.8,585895.311,TSLA
2022-01-23 01:00:00,1.846,1.978,1.839,1.962,194278.7,2022-01-24 00:59:59,371462.6481,2122,122011.3,233461.1636,TSLA
2022-01-24 01:00:00,1.938,1.938,1.793,1.812,178331.6,2022-01-25 00:59:59,329044.5543,1475,101539.5,187340.4338,TSLA
2022-01-25 01:00:00,1.806,1.818,1.73,1.753,111854.9,2022-01-26 00:59:59,198292.1672,882,72083.3,127879.3176,TSLA
2022-01-26 01:00:00,1.83,1.908,1.787,1.894,135971.8,2022-01-27 00:59:59,250620.1483,1064,75058.2,138093.8497,TSLA
2022-01-27 01:00:00,1.817,1.902,1.709,1.745,652363.5,2022-01-28 00:59:59,1162301.4433,4477,319452.8,571211.2781,TSLA
2022-01-28 01:00:00,1.738,1.774,1.693,1.759,179465.5,2022-01-29 00:59:59,312687.0914,997,86658.4,151227.3966,TSLA
2022-01-29 01:00:00,1.73,1.811,1.708,1.761,495118,2022-01-30 00:59:59,867669.1081,4300,261477.5,459657.2935,TSLA
2022-01-30 01:00:00,1.759,1.898,1.717,1.758,574933.6,2022-01-31 00:59:59,1025157.4044,4303,304612.3,544149.396,TSLA
2022-01-31 01:00:00,1.758,1.759,1.71,1.725,105888.5,2022-02-01 00:59:59,183222.8165,596,54917.4,95144.8488,TSLA
2022-02-01 01:00:00,1.794,1.912,1.782,1.868,230006.8,2022-02-02 00:59:59,426380.7147,1637,133857.6,248451.6764,TSLA
2022-02-02 01:00:00,1.903,1.999,1.896,1.921,256710,2022-02-03 00:59:59,499677.8204,2665,126653.6,246365.6837,TSLA
2022-02-03 01:00:00,1.766,1.794,1.75,1.777,160834.1,2022-02-04 00:59:59,285078.0469,1640,73084.5,129695.9419,TSLA
2022-02-04 01:00:00,1.808,1.886,1.803,1.872,144659.3,2022-02-05 00:59:59,268654.4957,1584,79883.9,148196.1354,TSLA
2022-02-05 01:00:00,1.98,2.041,1.955,1.994,275282.3,2022-02-06 00:59:59,549773.1971,2840,136878,273495.1382,TSLA
2022-02-06 01:00:00,2.005,2.046,1.982,2.007,205278.6,2022-02-07 00:59:59,413089.6154,2271,102813,207083.9779,TSLA
2022-02-07 01:00:00,2.028,2.121,1.973,2.117,169016.3,2022-02-08 00:59:59,342802.0436,1843,88842.7,180616.1643,TSLA
2022-02-08 01:00:00,2.156,2.251,2.136,2.202,180306.4,2022-02-09 00:59:59,395007.3015,1869,99736.3,218509.1395,TSLA
2022-02-09 01:00:00,2.048,2.067,1.995,2.065,120240.1,2022-02-10 00:59:59,244276.6586,1147,78093.6,158858.3996,TSLA
2022-02-10 01:00:00,2.152,2.165,2.083,2.083,61282.7,2022-02-11 00:59:59,129934.491,1193,30271.2,64170.7431,TSLA
2022-02-11 01:00:00,1.974,2.011,1.954,1.969,182562.5,2022-02-12 00:59:59,360993.8247,2041,108493.7,214639.1428,TSLA
2022-02-12 01:00:00,1.863,1.93,1.833,1.845,221202.3,2022-02-13 00:59:59,414078.5952,2759,111471.5,209278.6379,TSLA
2022-02-13 01:00:00,1.923,1.94,1.871,1.933,352321.2,2022-02-14 00:59:59,672515.0011,4685,170636,325730.0735,TSLA
2022-02-14 01:00:00,1.932,1.935,1.848,1.879,129841.8,2022-02-15 00:59:59,243863.1373,1470,42734.5,79795.7665,TSLA
2022-02-15 01:00:00,1.878,2.002,1.876,1.958,199627.3,2022-02-16 00:59:59,392337.0946,1808,127092.3,249640.4949,TSLA
2022-02-16 01:00:00,1.976,1.976,1.91,1.919,207110.3,2022-02-17 00:59:59,400760.5268,1948,97624.1,189076.2524,TSLA
2022-02-17 01:00:00,1.911,1.916,1.849,1.87,134418.5,2022-02-18 00:59:59,252703.3491,1430,56828.5,106854.2137,TSLA
2022-02-18 01:00:00,1.723,1.791,1.715,1.778,191775.1,2022-02-19 00:59:59,335480.8065,2102,130516.7,228251.1884,TSLA
2022-02-19 01:00:00,1.697,1.719,1.622,1.677,929082.7,2022-02-20 00:59:59,1544439.3082,7902,447437,745497.6902,TSLA
2022-02-20 01:00:00,1.677,1.677,1.549,1.581,1082596.2,2022-02-21 00:59:59,1716772.3479,8094,539474.7,856118.746,TSLA
2022-02-21 01:00:00,1.583,1.698,1.574,1.633,290208,2022-02-22 00:59:59,480579.2793,2342,180313.9,299031.8384,TSLA
2022-02-22 01:00:00,1.491,1.523,1.45,1.487,725898.3,2022-02-23 00:59:59,1076264.6242,4672,356805.3,529924.7738,TSLA
2022-02-23 01:00:00,1.573,1.62,1.568,1.617,97972,2022-02-24 00:59:59,155468.558,991,62953.8,99926.1841,TSLA
2022-02-24 01:00:00,1.554,1.594,1.303,1.383,1051182,2022-02-25 00:59:59,1495523.5335,8136,423192.7,605030.8757,TSLA
2022-02-25 01:00:00,1.596,1.667,1.576,1.6,186429.1,2022-02-26 00:59:59,301395.8246,1787,85274.4,138147.1228,TSLA
2022-02-26 01:00:00,1.709,1.788,1.653,1.718,332657.2,2022-02-27 00:59:59,567692.3564,3838,180708,308934.9462,TSLA
2022-02-27 01:00:00,1.676,1.795,1.617,1.723,1083139.7,2022-02-28 00:59:59,1843323.7996,9238,534546.6,908275.7386,TSLA
2022-02-28 01:00:00,1.629,1.675,1.584,1.599,172273.4,2022-03-01 00:59:59,280540.1672,1812,79704.1,130125.6064,TSLA
2022-03-01 01:00:00,1.794,1.855,1.758,1.771,475996.4,2022-03-02 00:59:59,854966.387,3863,226917.3,408792.443,TSLA
2022-03-02 01:00:00,1.846,1.94,1.79,1.902,2124289.7,2022-03-03 00:59:59,3939449.2684,17343,1074045.6,1991382.1894,TSLA
2022-03-03 01:00:00,1.791,1.807,1.727,1.741,889797.2,2022-03-04 00:59:59,1571448.2493,7696,448298.9,791464.901,TSLA
2022-03-04 01:00:00,1.712,1.731,1.644,1.69,131561.3,2022-03-05 00:59:59,220896.0636,1800,59158.4,99632.1548,TSLA
2022-03-05 01:00:00,1.636,1.67,1.594,1.642,64693.9,2022-03-06 00:59:59,105556.4396,1213,31365,51380.6,TSLA
2022-03-06 01:00:00,1.685,1.714,1.656,1.679,30456.1,2022-03-07 00:59:59,51241.1916,605,14510.4,24467.9299,TSLA
2022-03-07 01:00:00,1.586,1.592,1.511,1.525,284951.4,2022-03-08 00:59:59,437964.9517,2725,135517.7,208673.5394,TSLA
2022-03-08 01:00:00,1.486,1.524,1.479,1.501,139501.5,2022-03-09 00:59:59,208683.659,1465,65422.7,98253.352,TSLA
2022-03-09 01:00:00,1.509,1.682,1.491,1.563,562697.4,2022-03-10 00:59:59,893219.1329,4581,337024.3,536502.1862,TSLA
2022-03-10 01:00:00,1.605,1.607,1.525,1.543,74787.4,2022-03-11 00:59:59,116769.8344,1073,34442.8,53531.2952,TSLA
2022-03-11 01:00:00,1.564,1.593,1.521,1.562,103451.7,2022-03-12 00:59:59,159988.7519,1272,51670.7,80005.5491,TSLA
2022-03-12 01:00:00,1.537,1.642,1.531,1.592,262761.4,2022-03-13 00:59:59,418264.2787,3256,150381.7,239599.7141,TSLA
2022-03-13 01:00:00,1.591,1.7,1.571,1.653,494871.2,2022-03-14 00:59:59,818582.2127,5265,231508.7,382726.2528,TSLA
2022-03-14 01:00:00,1.571,1.615,1.564,1.586,82245.1,2022-03-15 00:59:59,130266.6892,1111,44629.4,70766.2775,TSLA
2022-03-15 01:00:00,1.569,1.624,1.566,1.58,72761.3,2022-03-16 00:59:59,115567.0458,640,51446,81802.6621,TSLA
2022-03-16 01:00:00,1.658,1.725,1.624,1.658,107660,2022-03-17 00:59:59,179141.0757,1487,47428.9,79244.339,TSLA
2022-03-17 01:00:00,1.694,1.718,1.68,1.701,50242.5,2022-03-18 00:59:59,85303.8293,811,28360.1,48202.7999,TSLA
2022-03-18 01:00:00,1.684,1.702,1.65,1.695,59676.6,2022-03-19 00:59:59,99620.5541,957,28913.8,48297.0328,TSLA
2022-03-19 01:00:00,1.815,1.84,1.759,1.799,407291.3,2022-03-20 00:59:59,731102.2957,4750,201107.2,361767.1437,TSLA
2022-03-20 01:00:00,1.798,1.825,1.727,1.765,185830.2,2022-03-21 00:59:59,329902.921,2996,100148.2,178141.7893,TSLA
2022-03-21 01:00:00,1.766,1.766,1.722,1.753,43205.3,2022-03-22 00:59:59,75245.9048,723,20524.7,35777.2147,TSLA
2022-03-22 01:00:00,1.827,2.045,1.824,1.89,798287.6,2022-03-23 00:59:59,1535087.8295,8759,402261,773871.2738,TSLA
2022-03-23 01:00:00,1.865,1.914,1.845,1.849,151221.7,2022-03-24 00:59:59,283312.0202,1801,62893.2,118251.8696,TSLA
2022-03-24 01:00:00,1.918,1.954,1.883,1.902,120741.6,2022-03-25 00:59:59,231683.5369,1727,63759.1,122607.2968,TSLA
2022-03-25 01:00:00,1.891,1.922,1.874,1.901,104976,2022-03-26 00:59:59,198952.7323,1257,52876.2,100496.2136,TSLA
2022-03-26 01:00:00,1.926,1.938,1.893,1.907,54594.5,2022-03-27 00:59:59,104050.7936,559,24146.2,46109.5884,TSLA
2022-03-27 01:00:00,1.973,2.033,1.972,2.004,99668.8,2022-03-28 01:59:59,199489.044,1478,61515.5,123086.9287,TSLA
2022-03-28 02:00:00,2.132,2.181,2.07,2.092,271495.3,2022-03-29 01:59:59,575042.8398,3350,93303.3,198089.6023,TSLA
2022-03-29 02:00:00,2.098,2.122,2.068,2.12,55480.7,2022-03-30 01:59:59,116191.1936,1036,31616,66287.7338,TSLA
2022-03-30 02:00:00,2.123,2.154,2.047,2.051,232566.3,2022-03-31 01:59:59,484505.4235,2529,78896.9,165163.7903,TSLA
2022-03-31 02:00:00,1.94,1.963,1.893,1.915,527182.4,2022-04-01 01:59:59,1018953.2927,5086,222948.3,431850.2375,TSLA
2022-04-01 02:00:00,1.838,1.867,1.806,1.852,166840,2022-04-02 01:59:59,305701.9618,2225,88956.1,163359.5801,TSLA
2022-04-02 02:00:00,1.808,1.893,1.79,1.839,649122.1,2022-04-03 01:59:59,1200134.5419,6468,275719.5,510926.9577,TSLA
2022-04-03 02:00:00,1.784,1.84,1.745,1.779,867872.3,2022-04-04 01:59:59,1563618.4711,12072,425090.1,766846.4543,TSLA
2022-04-04 02:00:00,1.78,1.807,1.727,1.765,303692.1,2022-04-05 01:59:59,536077.9434,3352,182585.8,322499.824,TSLA
2022-04-05 02:00:00,1.75,1.806,1.744,1.773,204507.6,2022-04-06 01:59:59,361368.6915,2058,119497.5,211558.2694,TSLA
2022-04-06 02:00:00,1.685,1.699,1.645,1.687,242245.2,2022-04-07 01:59:59,404144.3054,3048,113098.6,189125.0126,TSLA
2022-04-07 02:00:00,1.599,1.644,1.578,1.642,161541.7,2022-04-08 01:59:59,259100.1679,1970,79646.8,128112.0156,TSLA
2022-04-08 02:00:00,1.63,1.724,1.628,1.666,428077.6,2022-04-09 01:59:59,713882.3129,3850,234794.2,392872.1822,TSLA
2022-04-09 02:00:00,1.557,1.583,1.54,1.583,145115.9,2022-04-10 01:59:59,226864.3868,1751,90771,141977.2807,TSLA
2022-04-10 02:00:00,1.612,1.645,1.565,1.571,453410.3,2022-04-11 01:59:59,726721.6737,5769,229723.2,369211.4719,TSLA
2022-04-11 02:00:00,1.569,1.583,1.52,1.547,354906.3,2022-04-12 01:59:59,550187.432,3339,170412.5,264749.3791,TSLA
2022-04-12 02:00:00,1.485,1.513,1.458,1.505,263337.7,2022-04-13 01:59:59,390156.0938,2308,123663.3,183456.2169,TSLA
2022-04-13 02:00:00,1.483,1.508,1.466,1.495,179281.4,2022-04-14 01:59:59,266187.9752,1776,94890,140982.7292,TSLA
2022-04-14 02:00:00,1.513,1.538,1.481,1.499,297798.6,2022-04-15 01:59:59,448453.4583,1664,111099.3,167959.5638,TSLA
2022-04-15 02:00:00,1.453,1.489,1.451,1.485,117035.3,2022-04-16 01:59:59,172007.61,1304,61271.8,90009.4032,TSLA
2022-04-16 02:00:00,1.502,1.502,1.462,1.471,179345.2,2022-04-17 01:59:59,265200.6358,1584,74770.7,110713.4881,TSLA
2022-04-17 02:00:00,1.46,1.463,1.437,1.45,46580.3,2022-04-18 01:59:59,67530.7235,595,25203.5,36527.8539,TSLA
2022-04-18 02:00:00,1.427,1.465,1.391,1.403,222723,2022-04-19 01:59:59,317793.2267,3001,114884.9,164078.291,TSLA
2022-04-19 02:00:00,1.5,1.517,1.451,1.457,196790.5,2022-04-20 01:59:59,289936.4251,2249,60537.3,89274.5808,TSLA
2022-04-20 02:00:00,1.47,1.49,1.451,1.466,188130.9,2022-04-21 01:59:59,276044.5365,2070,98182.2,144331.2252,TSLA
2022-04-21 02:00:00,1.444,1.475,1.435,1.45,204938.2,2022-04-22 01:59:59,297689.1849,1602,101811.7,148045.103,TSLA
2022-04-22 02:00:00,1.4,1.407,1.386,1.401,154638.9,2022-04-23 01:59:59,215554.5403,1453,77816.4,108535.6154,TSLA
2022-04-23 02:00:00,1.428,1.434,1.369,1.376,391251.2,2022-04-24 01:59:59,545046.9994,2979,174125.2,242844.4704,TSLA
2022-04-24 02:00:00,1.376,1.412,1.372,1.38,436910.8,2022-04-25 01:59:59,607642.7068,4674,226275,314641.2642,TSLA
2022-04-25 02:00:00,1.382,1.436,1.328,1.357,397940,2022-04-26 01:59:59,547182.1081,3636,200086,275629.57,TSLA
2022-04-26 02:00:00,1.379,1.392,1.37,1.388,93187.9,2022-04-27 01:59:59,128732.0585,865,52676.8,72830.7586,TSLA
2022-04-27 02:00:00,1.324,1.332,1.295,1.312,170945.9,2022-04-28 01:59:59,223831.9564,1442,93166,122200.9697,TSLA
2022-04-28 02:00:00,1.358,1.404,1.351,1.382,151003.2,2022-04-29 01:59:59,207743.9271,1137,73230.7,100758.5232,TSLA
2022-04-29 02:00:00,1.324,1.333,1.278,1.294,349214.2,2022-04-30 01:59:59,452744.258,2278,161085.7,208955.7721,TSLA
2022-04-30 02:00:00,1.206,1.208,1.206,1.207,4193.5,2022-05-01 01:59:59,5060.6028,58,3309.9,3994.4527,TSLA
2022-05-01 02:00:00,1.099,1.115,1.09,1.098,108455.3,2022-05-02 01:59:59,119282.1235,529,70541.5,77677.6683,TSLA
2022-05-02 02:00:00,1.181,1.228,1.148,1.175,560317.9,2022-05-03 01:59:59,659842.966,3244,280159.2,330173.6939,TSLA
2022-05-03 02:00:00,1.119,1.125,1.097,1.12,141083.4,2022-05-04 01:59:59,156997.4911,937,85603.5,95396.928,TSLA
2022-05-04 02:00:00,1.128,1.267,1.127,1.15,840484.2,2022-05-05 01:59:59,997475.473,5713,391908.9,465521.0303,TSLA
2022-05-05 02:00:00,1.277,1.308,1.267,1.276,180852.7,2022-05-06 01:59:59,231655.4866,1171,103871.8,133057.5971,TSLA
2022-05-06 02:00:00,1.141,1.147,1.127,1.135,62009.5,2022-05-07 01:59:59,70344.0999,505,32680,37094.4588,TSLA
2022-05-07 02:00:00,1.167,1.172,1.136,1.145,107724.9,2022-05-08 01:59:59,124050.9814,795,54812.9,63088.6248,TSLA
2022-05-08 02:00:00,1.111,1.111,1.051,1.064,156207.3,2022-05-09 01:59:59,166566.221,1143,69846.3,74642.0369,TSLA
2022-05-09 02:00:00,1.081,1.095,1.054,1.065,95969.3,2022-05-10 01:59:59,103179.1847,961,44830,48257.4674,TSLA
2022-05-10 02:00:00,0.953,1.018,0.889,1.007,351132.7,2022-05-11 01:59:59,338195.4769,1942,196718.2,191260.5867,TSLA
2022-05-11 02:00:00,0.969,0.994,0.947,0.972,125919.5,2022-05-12 01:59:59,121989.3771,733,68000.7,65912.5934,TSLA
2022-05-12 02:00:00,0.758,0.9,0.655,0.688,465573.4,2022-05-13 01:59:59,358531.0312,1877,248359.1,193440.8268,TSLA
2022-05-13 02:00:00,0.624,0.811,0.612,0.802,698531.2,2022-05-14 01:59:59,505426.3454,2946,390841.5,283363.6624,TSLA
2022-05-14 02:00:00,0.773,0.896,0.735,0.843,1697278.4,2022-05-15 01:59:59,1362827.3147,6793,792169.9,635495.3747,TSLA
2022-05-15 02:00:00,0.844,0.892,0.817,0.872,1101405.6,2022-05-16 01:59:59,939380.2589,5110,540112.8,461108.2624,TSLA
2022-05-16 02:00:00,0.876,0.876,0.825,0.844,274907,2022-05-17 01:59:59,231438.8706,1269,133373,112119.8429,TSLA
2022-05-17 02:00:00,0.829,0.925,0.829,0.89,388574.4,2022-05-18 01:59:59,341246.8412,1763,218356.3,191999.1225,TSLA
2022-05-18 02:00:00,0.866,0.868,0.819,0.827,138059.9,2022-05-19 01:59:59,116774.2102,694,51214.8,42974.955,TSLA
2022-05-19 02:00:00,0.76,0.8,0.757,0.778,132420.2,2022-05-20 01:59:59,103000.7769,647,75410,58496.4651,TSLA
2022-05-20 02:00:00,0.792,0.816,0.779,0.781,210614.2,2022-05-21 01:59:59,167761.1984,742,87888.9,70065.4141,TSLA
2022-05-21 02:00:00,0.777,0.807,0.759,0.804,172212.7,2022-05-22 01:59:59,135352.2497,977,86642.1,68102.9566,TSLA
2022-05-22 02:00:00,0.774,0.799,0.761,0.791,450535.5,2022-05-23 01:59:59,352078.1946,2794,217047.9,169615.0975,TSLA
2022-05-23 02:00:00,0.789,0.806,0.788,0.796,112495.2,2022-05-24 01:59:59,89764.893,595,51067.5,40722.3108,TSLA
2022-05-24 02:00:00,0.784,0.81,0.781,0.794,104502.6,2022-05-25 01:59:59,82711.4162,516,42968.8,33938.6799,TSLA
2022-05-25 02:00:00,0.787,0.808,0.755,0.773,763316.3,2022-05-26 01:59:59,594442.9404,3022,356183.2,277713.1475,TSLA
2022-05-26 02:00:00,0.771,0.815,0.726,0.747,1322953.8,2022-05-27 01:59:59,1024104.9504,5789,675838.6,524251.8708,TSLA
2022-05-27 02:00:00,0.748,0.759,0.723,0.727,848922.8,2022-05-28 01:59:59,628631.9907,4677,418979.8,310272.7619,TSLA
2022-05-28 02:00:00,0.726,0.783,0.721,0.769,1558991.3,2022-05-29 01:59:59,1179755.9619,6573,842115.2,638796.6333,TSLA
2022-05-29 02:00:00,0.771,0.783,0.751,0.762,398703.7,2022-05-30 01:59:59,303902.1222,1687,199759.4,152361.8147,TSLA
2022-05-30 02:00:00,0.762,0.838,0.758,0.83,442819.1,2022-05-31 01:59:59,356844.6727,2900,222171.1,179264.3144,TSLA
2022-05-31 02:00:00,0.829,1.161,0.795,1.014,7159734.6,2022-06-01 01:59:59,7157775.8265,28575,3779912.1,3781593.5037,TSLA
2022-06-01 02:00:00,1.014,1.392,0.931,0.94,24444268.6,2022-06-02 01:59:59,27829534.9076,141569,12347442.1,14112282.8248,TSLA
2022-06-02 02:00:00,0.942,0.968,0.896,0.906,670892.2,2022-06-03 01:59:59,622925.9004,2603,294463.1,274773.5786,TSLA
2022-06-03 02:00:00,1.057,1.18,1.032,1.113,750320.3,2022-06-04 01:59:59,830922.9646,5118,398727.3,442719.4912,TSLA
2022-06-04 02:00:00,0.962,0.975,0.913,0.953,640728.2,2022-06-05 01:59:59,608868.3365,2774,311095.1,296202.8405,TSLA
2022-06-05 02:00:00,0.946,0.946,0.871,0.877,963961.8,2022-06-06 01:59:59,867148.6719,5084,428755.3,385635.6957,TSLA
2022-06-06 02:00:00,0.88,0.936,0.86,0.862,631896.8,2022-06-07 01:59:59,573677.174,4038,298923.5,272216.668,TSLA
2022-06-07 02:00:00,0.864,0.878,0.822,0.842,527173.4,2022-06-08 01:59:59,449027.992,3427,202647.4,172428.4882,TSLA
2022-06-08 02:00:00,0.842,0.856,0.816,0.838,472884.1,2022-06-09 01:59:59,395578.8,3047,253367,212014.2473,TSLA
2022-06-09 02:00:00,0.838,0.843,0.786,0.787,437636.9,2022-06-10 01:59:59,357733.9135,2953,172505.6,141381.484,TSLA
2022-06-10 02:00:00,0.788,0.824,0.735,0.757,965807.8,2022-06-11 01:59:59,739577.2659,4849,506680.6,388060.8672,TSLA
2022-06-11 02:00:00,0.755,0.787,0.712,0.729,1210471.3,2022-06-12 01:59:59,907567.9829,7229,553685.6,416220.816,TSLA
2022-06-12 02:00:00,0.733,0.762,0.684,0.73,331707.2,2022-06-13 01:59:59,237663.687,1704,164209.7,117211.2478,TSLA
2022-06-13 02:00:00,0.677,0.677,0.616,0.62,618803.9,2022-06-14 01:59:59,396773.3146,2001,255489.1,165338.5335,TSLA
2022-06-14 02:00:00,0.596,0.621,0.557,0.621,280246.2,2022-06-15 01:59:59,165356.991,1317,132816.9,78369.0693,TSLA
2022-06-15 02:00:00,0.621,0.63,0.596,0.598,193157,2022-06-16 01:59:59,117841.675,712,88614.6,54405.2399,TSLA
2022-06-16 02:00:00,0.634,0.647,0.607,0.61,284605.7,2022-06-17 01:59:59,178686.5244,1025,113631.8,71921.6633,TSLA
2022-06-17 02:00:00,0.509,0.528,0.502,0.514,665361.8,2022-06-18 01:59:59,341862.4178,1394,384829.5,198144.6993,TSLA
2022-06-18 02:00:00,0.546,0.62,0.449,0.489,3761915.9,2022-06-19 01:59:59,1994814.2888,11548,1691174.8,895242.349,TSLA
2022-06-19 02:00:00,0.489,0.571,0.465,0.548,1645436.4,2022-06-20 01:59:59,855426.8757,5117,807471,418733.1004,TSLA
2022-06-20 02:00:00,0.545,0.563,0.507,0.52,293215.3,2022-06-21 01:59:59,154797.6503,919,147195,77742.52,TSLA
2022-06-21 02:00:00,0.531,0.552,0.524,0.551,186225.5,2022-06-22 01:59:59,100163.3005,848,104647.9,56322.7861,TSLA
2022-06-22 02:00:00,0.531,0.548,0.522,0.54,125975.1,2022-06-23 01:59:59,67500.2315,598,91918.3,49258.0183,TSLA
2022-06-23 02:00:00,0.414,0.454,0.41,0.452,4396387.3,2022-06-24 01:59:59,1880400.451,6306,2133141.6,917455.7665,TSLA
2022-06-24 02:00:00,0.426,0.431,0.403,0.414,3481090.4,2022-06-25 01:59:59,1453697.031,6088,1682597,703524.7032,TSLA
2022-06-25 02:00:00,0.418,0.425,0.328,0.376,13827276,2022-06-26 01:59:59,5220832.5966,23296,6133217,2319651.9748,TSLA
2022-06-26 02:00:00,0.376,0.388,0.37,0.379,1328228,2022-06-27 01:59:59,504281.6636,3062,743400.3,282916.5679,TSLA
2022-06-27 02:00:00,0.353,0.364,0.348,0.359,1071343.5,2022-06-28 01:59:59,382080.7162,1676,527040.9,188765.5838,TSLA
2022-06-28 02:00:00,0.307,0.308,0.274,0.302,5736057.2,2022-06-29 01:59:59,1656636.5318,7715,2663786.9,768871.1674,TSLA
2022-06-29 02:00:00,0.289,0.293,0.279,0.288,2603707.3,2022-06-30 01:59:59,744835.1435,2969,1173352.5,336745.0628,TSLA
2022-06-30 02:00:00,0.341,0.36,0.306,0.319,7147913.9,2022-07-01 01:59:59,2432180.2647,15639,3384913.6,1158543.0957,TSLA
2022-07-01 02:00:00,0.309,0.315,0.297,0.302,1624767.5,2022-07-02 01:59:59,498494.6204,2326,809440.5,249099.0414,TSLA
2022-07-02 02:00:00,0.256,0.278,0.25,0.261,10931454.9,2022-07-03 01:59:59,2889657.785,11584,5346413.2,1414920.7737,TSLA
2022-07-03 02:00:00,0.261,0.274,0.241,0.253,8122548.3,2022-07-04 01:59:59,2075626.0691,7875,3757029.2,961929.9441,TSLA
2022-07-04 02:00:00,0.253,0.256,0.242,0.247,833765.3,2022-07-05 01:59:59,207365.9638,841,293559.9,73305.1654,TSLA
2022-07-05 02:00:00,0.254,0.262,0.249,0.254,1066380,2022-07-06 01:59:59,270288.9841,1122,485819,123742.3624,TSLA
2022-07-06 02:00:00,0.238,0.244,0.23,0.23,1260429.6,2022-07-07 01:59:59,297058.3414,1462,295289.9,70296.3529,TSLA
2022-07-07 02:00:00,0.202,0.212,0.201,0.208,2039795.9,2022-07-08 01:59:59,422921.671,2491,1183671.3,245743.5853,TSLA
2022-07-08 02:00:00,0.201,0.211,0.197,0.204,2724709.9,2022-07-09 01:59:59,555239.6995,2378,1330616.3,272005.9888,TSLA
2022-07-09 02:00:00,0.197,0.198,0.195,0.195,826126.1,2022-07-10 01:59:59,161982.7235,868,234471.3,46139.3483,TSLA
2022-07-10 02:00:00,0.193,0.194,0.174,0.177,6181320.6,2022-07-11 01:59:59,1126124.1729,5389,2847395.2,518372.4923,TSLA
2022-07-11 02:00:00,0.177,0.177,0.17,0.171,834676.6,2022-07-12 01:59:59,143990.7155,917,298232,51580.454,TSLA
2022-07-12 02:00:00,0.153,0.155,0.147,0.147,1754094,2022-07-13 01:59:59,264247.8876,1288,642709.9,97097.3488,TSLA
2022-07-13 02:00:00,0.338,0.486,0.303,0.477,99955863.4,2022-07-14 01:59:59,37834905.2874,134047,52532041.3,20022069.6544,TSLA
2022-07-14 02:00:00,0.583,0.745,0.44,0.466,132937377.3,2022-07-15 01:59:59,74945556.3339,276417,64492304.9,36586080.7772,TSLA
2022-07-15 02:00:00,0.467,0.565,0.45,0.56,21441894.7,2022-07-16 01:59:59,10375267.9633,35405,10935174.5,5332535.0593,TSLA
2022-07-16 02:00:00,0.428,0.45,0.405,0.407,8453490.2,2022-07-17 01:59:59,3600065.1064,12374,3674608.2,1568726.4357,TSLA
2022-07-17 02:00:00,0.429,0.43,0.36,0.369,9122723.7,2022-07-18 01:59:59,3496080.1142,14583,3506617.5,1339316.9471,TSLA
2022-07-18 02:00:00,0.372,0.439,0.371,0.4,11782265.2,2022-07-19 01:59:59,4841451.3595,18150,5880535.3,2419594.167,TSLA
2022-07-19 02:00:00,0.456,0.492,0.399,0.427,13593030.8,2022-07-20 01:59:59,6066172.4902,30438,6536749.5,2935298.4485,TSLA
2022-07-20 02:00:00,0.491,0.526,0.47,0.515,5604879.6,2022-07-21 01:59:59,2773961.977,12357,3101510.2,1540615.7783,TSLA
2022-07-21 02:00:00,0.435,0.452,0.414,0.439,2352951.9,2022-07-22 01:59:59,1020579.2286,4420,1069452.8,465028.5147,TSLA
2022-07-22 02:00:00,0.45,0.498,0.443,0.458,6325853.4,2022-07-23 01:59:59,2945862.0467,13432,3136661.9,1464816.7461,TSLA
2022-07-23 02:00:00,0.437,0.44,0.385,0.397,9539549.3,2022-07-24 01:59:59,3947044.8873,18909,4199971.3,1737275.6314,TSLA
2022-07-24 02:00:00,0.396,0.482,0.39,0.436,22762036.4,2022-07-25 01:59:59,9882391.9013,47763,11560484.1,5040536.4044,TSLA
2022-07-25 02:00:00,0.436,0.494,0.41,0.43,17320272.1,2022-07-26 01:59:59,7730581.6144,35675,8386316.1,3764968.0272,TSLA
2022-07-26 02:00:00,0.416,0.42,0.41,0.41,1865871.5,2022-07-27 01:59:59,771177.6193,3296,724960.7,300413.4835,TSLA
2022-07-27 02:00:00,0.403,0.416,0.399,0.405,1303134.8,2022-07-28 01:59:59,528855.8567,2487,620397,252289.7627,TSLA
2022-07-28 02:00:00,0.402,0.41,0.392,0.4,8567894.7,2022-07-29 01:59:59,3415287.8632,16162,3926500.9,1567618.9785,TSLA
2022-07-29 02:00:00,0.401,0.422,0.39,0.399,10657627.5,2022-07-30 01:59:59,4288013.0194,19660,4824880.8,1946216.6103,TSLA
2022-07-30 02:00:00,0.399,0.4,0.349,0.362,7729756.3,2022-07-31 01:59:59,2971082.6573,14250,3320105.9,1276110.0683,TSLA
2022-07-31 02:00:00,0.363,0.397,0.35,0.372,12726156.6,2022-08-01 01:59:59,4738268.5591,24883,6212857.4,2315802.364,TSLA
2022-08-01 02:00:00,0.373,0.388,0.36,0.362,7056418.2,2022-08-02 01:59:59,2637981.805,15505,3287040.9,1232574.2379,TSLA
2022-08-02 02:00:00,0.362,0.366,0.339,0.35,5809451.7,2022-08-03 01:59:59,2030981.1398,10340,2680264.9,939327.8891,TSLA
2022-08-03 02:00:00,0.349,0.361,0.346,0.348,4043163.4,2022-08-04 01:59:59,1425841.2785,6596,1928330.6,681645.9909,TSLA
2022-08-04 02:00:00,0.348,0.419,0.34,0.363,26490300,2022-08-05 01:59:59,10083851.4375,47725,13740668.2,5250687.6349,TSLA
2022-08-05 02:00:00,0.362,0.4,0.362,0.371,14874900.3,2022-08-06 01:59:59,5607693.6592,26710,7575254.2,2865907.7539,TSLA
2022-08-06 02:00:00,0.371,0.376,0.355,0.357,4919881.9,2022-08-07 01:59:59,1788663.515,8409,2235397.7,813480.9385,TSLA
2022-08-07 02:00:00,0.359,0.367,0.354,0.357,2520484.3,2022-08-08 01:59:59,903002.6318,5273,1167823.6,418963.6385,TSLA
2022-08-08 02:00:00,0.357,0.366,0.355,0.359,3250691,2022-08-09 01:59:59,1171732.7684,5830,1574163.7,568169.9784,TSLA
2022-08-09 02:00:00,0.358,0.362,0.333,0.35,3285255.2,2022-08-10 01:59:59,1143036.2552,6682,1380038.2,479794.7126,TSLA
2022-08-10 02:00:00,0.351,0.354,0.332,0.349,4364965.1,2022-08-11 01:59:59,1497533.3185,7638,2090885.5,717649.5455,TSLA
2022-08-11 02:00:00,0.349,0.358,0.333,0.343,4783778.3,2022-08-12 01:59:59,1652021.6216,8180,2237995,774451.3461,TSLA
2022-08-12 02:00:00,0.343,0.352,0.326,0.341,3570619.3,2022-08-13 01:59:59,1205025.1856,5818,1636922.5,553516.707,TSLA
2022-08-13 02:00:00,0.342,0.375,0.336,0.34,8210906.5,2022-08-14 01:59:59,2882907.682,12738,4043880,1422770.6967,TSLA
2022-08-14 02:00:00,0.341,0.347,0.317,0.326,5528678.3,2022-08-15 01:59:59,1833529.577,8403,2596954.2,859505.2256,TSLA
2022-08-15 02:00:00,0.326,0.339,0.298,0.309,6413148.8,2022-08-16 01:59:59,2008383.9215,10051,2958803.4,926614.7011,TSLA
2022-08-16 02:00:00,0.309,0.388,0.301,0.318,35692676.5,2022-08-17 01:59:59,12480153.259,53901,17734010,6226424.8627,TSLA
2022-08-17 02:00:00,0.318,0.355,0.316,0.326,6294503.1,2022-08-18 01:59:59,2105262.0625,10007,3367026.6,1128367.5458,TSLA
2022-08-18 02:00:00,0.309,0.314,0.309,0.311,590280.1,2022-08-19 01:59:59,183818.8926,718,224685.4,70079.5344,TSLA
2022-08-19 02:00:00,0.299,0.301,0.288,0.294,1011286.2,2022-08-20 01:59:59,297447.7362,1540,423510,124598.659,TSLA
2022-08-20 02:00:00,0.261,0.327,0.261,0.271,14569956.9,2022-08-21 01:59:59,4274760.979,23713,6841179.7,2017786.9542,TSLA
2022-08-21 02:00:00,0.271,0.285,0.267,0.277,3763563,2022-08-22 01:59:59,1035895.2727,5629,1896227.7,522415.8827,TSLA
2022-08-22 02:00:00,0.277,0.295,0.266,0.267,2145606.5,2022-08-23 01:59:59,592490.027,2999,927610.3,256978.0037,TSLA
2022-08-23 02:00:00,0.276,0.284,0.266,0.271,1601739.7,2022-08-24 01:59:59,437854.721,2356,784136.7,214789.6368,TSLA
2022-08-24 02:00:00,0.272,0.289,0.268,0.27,2707804.6,2022-08-25 01:59:59,753357.2714,4072,1270721,354439.4706,TSLA
2022-08-25 02:00:00,0.271,0.279,0.269,0.274,979907,2022-08-26 01:59:59,268486.9965,1491,481214.5,132169.3585,TSLA
2022-08-26 02:00:00,0.353,0.475,0.328,0.422,47859052.1,2022-08-27 01:59:59,19564146.5149,85624,24798436.1,10168328.5161,TSLA
2022-08-27 02:00:00,0.691,0.718,0.505,0.522,82740460.5,2022-08-28 01:59:59,49863955.2109,176900,38631593.1,23439471.087,TSLA
2022-08-28 02:00:00,0.523,0.54,0.415,0.44,41140719.2,2022-08-29 01:59:59,19382228.0585,67770,17908792.4,8495180.8582,TSLA
2022-08-29 02:00:00,0.44,0.475,0.42,0.453,8881841.1,2022-08-30 01:59:59,3976357.8865,15480,4709024.6,2111430.8862,TSLA
2022-08-30 02:00:00,0.558,0.616,0.506,0.564,26210273.5,2022-08-31 01:59:59,14803595.4258,58317,13127022.5,7447310.8222,TSLA
2022-08-31 02:00:00,0.536,0.589,0.528,0.537,9666169.6,2022-09-01 01:59:59,5390139.871,20563,4749960,2660918.5484,TSLA
2022-09-01 02:00:00,0.517,0.536,0.499,0.515,3283191.4,2022-09-02 01:59:59,1692156.3558,7142,1544295.5,797360.9078,TSLA
2022-09-02 02:00:00,0.502,0.532,0.499,0.514,4351892.8,2022-09-03 01:59:59,2253881.1694,8495,2139965.8,1109854.9763,TSLA
2022-09-03 02:00:00,0.559,0.566,0.531,0.54,5429521.5,2022-09-04 01:59:59,2960650.2807,11031,2416632.5,1319528.3639,TSLA
2022-09-04 02:00:00,0.539,0.553,0.496,0.524,8986384.2,2022-09-05 01:59:59,4714727.8924,22823,3985370.2,2092852.3939,TSLA
2022-09-05 02:00:00,0.522,0.591,0.509,0.583,6584507.1,2022-09-06 01:59:59,3602446.8181,15043,3765911.2,2071559.7423,TSLA
2022-09-06 02:00:00,0.569,0.865,0.565,0.785,39957615.6,2022-09-07 01:59:59,29416167.7737,99316,20713817.1,15291491.4765,TSLA
2022-09-07 02:00:00,0.744,1.047,0.702,1.034,43293958.5,2022-09-08 01:59:59,37718124.7076,102671,23579949.2,20668640.685,TSLA
2022-09-08 02:00:00,1.009,1.095,0.955,1.062,10603093.7,2022-09-09 01:59:59,10803728.6024,33033,5690382.7,5811280.1682,TSLA
2022-09-09 02:00:00,0.91,0.945,0.866,0.892,6373942.5,2022-09-10 01:59:59,5742818.0294,18423,3092422.2,2790637.341,TSLA
2022-09-10 02:00:00,0.826,0.894,0.814,0.865,8158144.9,2022-09-11 01:59:59,6931985.3054,25200,3990826.7,3395567.2897,TSLA
2022-09-11 02:00:00,0.965,1.074,0.876,0.93,26317194.8,2022-09-12 01:59:59,25338298.6891,82772,12391647.2,11948615.6551,TSLA
2022-09-12 02:00:00,0.931,0.959,0.86,0.904,4667220.2,2022-09-13 01:59:59,4267707.5764,15679,2069895.5,1894451.6125,TSLA
2022-09-13 02:00:00,0.907,1.045,0.88,0.999,8451549.1,2022-09-14 01:59:59,8174242.5925,28778,4443660.4,4305888.9721,TSLA
2022-09-14 02:00:00,0.837,0.851,0.8,0.83,4237878.8,2022-09-15 01:59:59,3488464.0775,13900,2068367.4,1704048.5639,TSLA
2022-09-15 02:00:00,0.738,0.744,0.69,0.701,3559317.6,2022-09-16 01:59:59,2542884.9138,10710,1461141.3,1044592.0615,TSLA
2022-09-16 02:00:00,0.772,0.833,0.696,0.778,12639288.3,2022-09-17 01:59:59,9502127.9683,46102,6043041.4,4556794.4324,TSLA
2022-09-17 02:00:00,0.732,0.747,0.691,0.714,10590178.9,2022-09-18 01:59:59,7608761.9741,31803,4791773.4,3448226.87,TSLA
2022-09-18 02:00:00,0.714,0.746,0.691,0.693,4391324.7,2022-09-19 01:59:59,3145768.0954,10976,1911176,1371960.1792,TSLA
2022-09-19 02:00:00,0.61,0.62,0.571,0.589,2446833.1,2022-09-20 01:59:59,1463141.1133,8212,1178216.7,704675.4362,TSLA
2022-09-20 02:00:00,0.628,0.78,0.613,0.71,15649667,2022-09-21 01:59:59,11013836.4307,53810,8242404,5806118.2621,TSLA
2022-09-21 02:00:00,0.683,0.734,0.674,0.683,5709635.6,2022-09-22 01:59:59,3998079.141,17921,2669252.4,1869766.7985,TSLA
2022-09-22 02:00:00,0.657,0.66,0.617,0.644,4697125,2022-09-23 01:59:59,2985440.1974,12568,2289278.9,1454156.189,TSLA
2022-09-23 02:00:00,0.655,0.694,0.644,0.654,4110689.6,2022-09-24 01:59:59,2734044.3996,12128,1897088.6,1263925.5702,TSLA
2022-09-24 02:00:00,0.636,0.655,0.625,0.628,4707977,2022-09-25 01:59:59,2988431.6669,14057,2112169.5,1343352.3623,TSLA
2022-09-25 02:00:00,0.627,0.781,0.626,0.699,40133147.6,2022-09-26 01:59:59,28615565.3369,133063,20414207,14564645.5183,TSLA
2022-09-26 02:00:00,0.699,0.729,0.668,0.691,7326973.4,2022-09-27 01:59:59,5137810.6408,25104,3371430.3,2369614.816,TSLA
2022-09-27 02:00:00,0.683,0.765,0.667,0.714,16949405.9,2022-09-28 01:59:59,12169364.1953,48582,8245921.1,5931864.0163,TSLA
2022-09-28 02:00:00,0.67,0.675,0.621,0.647,3136517.5,2022-09-29 01:59:59,2020494.6709,10434,1444484.6,931478.1371,TSLA
2022-09-29 02:00:00,0.639,0.644,0.627,0.633,1303684.7,2022-09-30 01:59:59,827011.1975,3728,588019.7,373345.2482,TSLA
2022-09-30 02:00:00,0.616,0.618,0.593,0.599,1350198.2,2022-10-01 01:59:59,819736.431,4618,506890.2,308329.8164,TSLA
2022-10-01 02:00:00,0.599,0.6,0.574,0.58,4107205.4,2022-10-02 01:59:59,2401360.7718,10608,1839850.4,1075807.9626,TSLA
2022-10-02 02:00:00,0.57,0.58,0.529,0.54,8096425.3,2022-10-03 01:59:59,4446977.8401,22033,3695867.5,2029760.2789,TSLA
2022-10-03 02:00:00,0.54,0.559,0.53,0.535,1550437.6,2022-10-04 01:59:59,840508.3517,4090,707048.5,383958.4281,TSLA
2022-10-04 02:00:00,0.557,0.566,0.55,0.551,1199877.7,2022-10-05 01:59:59,667251.6818,2661,569369.2,317190.616,TSLA
2022-10-05 02:00:00,0.556,0.566,0.555,0.563,673440.3,2022-10-06 01:59:59,376718.6377,1656,404677.6,226536.4808,TSLA
2022-10-06 02:00:00,0.55,0.553,0.529,0.539,1573943.5,2022-10-07 01:59:59,845919.3549,3949,701363.6,377439.0166,TSLA
2022-10-07 02:00:00,0.516,0.524,0.516,0.518,286964.9,2022-10-08 01:59:59,149281.4309,760,161029.7,83774.5883,TSLA
2022-10-08 02:00:00,0.486,0.523,0.482,0.504,5988089.2,2022-10-09 01:59:59,3008275.8731,17304,2915920.8,1464984.7166,TSLA
2022-10-09 02:00:00,0.504,0.552,0.5,0.51,8598595.2,2022-10-10 01:59:59,4512636.3691,24289,4273579.7,2249246.9135,TSLA
2022-10-10 02:00:00,0.504,0.508,0.5,0.505,664363.5,2022-10-11 01:59:59,334786.8375,1483,360171.3,181788.2415,TSLA
2022-10-11 02:00:00,0.488,0.489,0.442,0.443,1766044,2022-10-12 01:59:59,815779.5353,4784,596910.9,273762.4467,TSLA
2022-10-12 02:00:00,0.438,0.443,0.431,0.437,666894.2,2022-10-13 01:59:59,291951.6595,1934,253697.7,111294.4158,TSLA
2022-10-13 02:00:00,0.412,0.417,0.376,0.388,2398784.7,2022-10-14 01:59:59,952743.0551,4653,1068269.2,424809.3712,TSLA
2022-10-14 02:00:00,0.431,0.473,0.425,0.44,6931070.5,2022-10-15 01:59:59,3118340.1003,17651,3301880.2,1487525.1572,TSLA
2022-10-15 02:00:00,0.41,0.42,0.394,0.401,5463911.4,2022-10-16 01:59:59,2223619.802,11879,2505186.3,1022789.3146,TSLA
2022-10-16 02:00:00,0.401,0.407,0.388,0.396,4000612.2,2022-10-17 01:59:59,1588214.2844,7043,1964914.6,780996.5508,TSLA
2022-10-17 02:00:00,0.398,0.41,0.394,0.41,1570196.5,2022-10-18 01:59:59,633814.7856,2553,962226.5,389030.7122,TSLA
2022-10-18 02:00:00,0.397,0.405,0.396,0.4,685763.2,2022-10-19 01:59:59,275264.0076,1370,330687.7,132869.8313,TSLA
2022-10-19 02:00:00,0.408,0.41,0.397,0.4,1312665.6,2022-10-20 01:59:59,528253.4721,1888,511771.1,206565.7473,TSLA
2022-10-20 02:00:00,0.386,0.394,0.384,0.39,612824.8,2022-10-21 01:59:59,237858.5345,1132,333153.3,129431.1663,TSLA
2022-10-21 02:00:00,0.4,0.402,0.39,0.391,708931.4,2022-10-22 01:59:59,280537.1336,1238,219466.6,87089.8153,TSLA
2022-10-22 02:00:00,0.411,0.413,0.396,0.401,4245004.6,2022-10-23 01:59:59,1712023.7294,6351,1725410.2,697170.8738,TSLA
2022-10-23 02:00:00,0.399,0.401,0.393,0.396,838629.9,2022-10-24 01:59:59,332405.8528,1192,309506.9,122872.4312,TSLA
2022-10-24 02:00:00,0.394,0.407,0.391,0.396,1965988.7,2022-10-25 01:59:59,780018.6378,3423,1009345.6,400895.4994,TSLA
2022-10-25 02:00:00,0.392,0.395,0.39,0.393,374377.1,2022-10-26 01:59:59,146760.041,624,170857.1,67087.7706,TSLA
2022-10-26 02:00:00,0.401,0.402,0.398,0.401,394793.2,2022-10-27 01:59:59,157946.4103,629,206302.7,82674.1212,TSLA
2022-10-27 02:00:00,0.406,0.407,0.4,0.404,705617.6,2022-10-28 01:59:59,284134.1444,908,240705.6,97062.5121,TSLA
2022-10-28 02:00:00,0.398,0.399,0.386,0.39,887744.6,2022-10-29 01:59:59,348450.0006,1280,243173.5,95439.9671,TSLA
2022-10-29 02:00:00,0.389,0.395,0.381,0.384,3766595.1,2022-10-30 01:59:59,1464963.5976,5775,1803242.5,702498.1355,TSLA
2022-10-30 02:00:00,0.384,0.39,0.381,0.382,2800417.7,2022-10-31 00:59:59,1077341.5367,3860,1233107.9,475478.9463,TSLA
2022-10-31 01:00:00,0.382,0.39,0.366,0.382,3608797.8,2022-11-01 00:59:59,1375115.5144,6175,1802782.3,688494.0985,TSLA
2022-11-01 01:00:00,0.382,0.44,0.38,0.389,16143609.9,2022-11-02 00:59:59,6601642.1673,31369,8045533.7,3297216.6557,TSLA
2022-11-02 01:00:00,0.389,0.39,0.372,0.382,2040815.9,2022-11-03 00:59:59,776238.4519,2993,825103.5,313207.8537,TSLA
2022-11-03 01:00:00,0.371,0.379,0.37,0.377,626091.5,2022-11-04 00:59:59,234907.976,1441,278189.8,104533.2376,TSLA
2022-11-04 01:00:00,0.371,0.375,0.369,0.374,579351.5,2022-11-05 00:59:59,215592.8055,1049,279574.7,104194.3056,TSLA
2022-11-05 01:00:00,0.39,0.4,0.383,0.387,4734141.9,2022-11-06 00:59:59,1843260.2425,8335,2196474,857287.9024,TSLA
2022-11-06 01:00:00,0.386,0.392,0.377,0.382,1418434.5,2022-11-07 00:59:59,541870.6245,2056,636205.6,243713.1141,TSLA
2022-11-07 01:00:00,0.375,0.42,0.372,0.383,10647177.9,2022-11-08 00:59:59,4186036.2938,20711,5136884.7,2026013.5297,TSLA
2022-11-08 01:00:00,0.383,0.384,0.338,0.342,1760577.8,2022-11-09 00:59:59,636346.5995,3754,604311.5,216644.3697,TSLA
2022-11-09 01:00:00,0.29,0.295,0.278,0.291,1224026.6,2022-11-10 00:59:59,349918.8168,1913,546609.7,156409.1898,TSLA
2022-11-10 01:00:00,0.209,0.242,0.206,0.236,2130446.8,2022-11-11 00:59:59,471585.2605,3611,1058650.6,235352.7133,TSLA
2022-11-11 01:00:00,0.26,0.268,0.241,0.257,1848971.5,2022-11-12 00:59:59,471157.7313,4169,832987,212475.8243,TSLA
2022-11-12 01:00:00,0.288,0.415,0.277,0.361,25060026.7,2022-11-13 00:59:59,8779777.7921,58009,12751136.9,4486023.004,TSLA
2022-11-13 01:00:00,0.292,0.309,0.253,0.261,7798145.4,2022-11-14 00:59:59,2204530.8019,14514,3435055.5,976057.9706,TSLA
2022-11-14 01:00:00,0.265,0.27,0.25,0.266,2107835.7,2022-11-15 00:59:59,545779.9306,3502,1020602.2,264761.2376,TSLA
2022-11-15 01:00:00,0.296,0.315,0.286,0.305,3713659.3,2022-11-16 00:59:59,1120429.5253,6953,1827101.8,553645.9252,TSLA
2022-11-16 01:00:00,0.294,0.299,0.29,0.292,1080025.8,2022-11-17 00:59:59,317041.1356,1486,402010.6,118363.1589,TSLA
2022-11-17 01:00:00,0.294,0.305,0.28,0.288,1340542.9,2022-11-18 00:59:59,391854.6868,2296,552000,162311.9657,TSLA
2022-11-18 01:00:00,0.439,0.474,0.408,0.434,11805841.4,2022-11-19 00:59:59,5151783.3855,26732,5906850.6,2587217.2118,TSLA
2022-11-19 01:00:00,0.392,0.456,0.376,0.413,12675305.4,2022-11-20 00:59:59,5292655.6216,25600,6581312.5,2760976.6879,TSLA
2022-11-20 01:00:00,0.402,0.402,0.36,0.377,6610116.8,2022-11-21 00:59:59,2512373.4476,11315,3274547.4,1242313.6116,TSLA
2022-11-21 01:00:00,0.34,0.364,0.312,0.334,3107027,2022-11-22 00:59:59,1040470.5688,7131,1256420.2,421338.9951,TSLA
2022-11-22 01:00:00,0.364,0.388,0.36,0.377,3024880.9,2022-11-23 00:59:59,1122996.083,7477,1622551.9,604876.1183,TSLA
2022-11-23 01:00:00,0.359,0.39,0.345,0.374,4764593.3,2022-11-24 00:59:59,1749182.2491,7848,2626945.8,969171.2943,TSLA
2022-11-24 01:00:00,0.364,0.414,0.353,0.407,3259628,2022-11-25 00:59:59,1224464.2592,5978,2214038.6,840043.3777,TSLA
2022-11-25 01:00:00,0.425,0.483,0.416,0.429,10129080.4,2022-11-26 00:59:59,4510426.1125,26845,4956596.2,2219927.5576,TSLA
2022-11-26 01:00:00,0.422,0.465,0.419,0.443,3871010.9,2022-11-27 00:59:59,1703872.7397,8607,2017167.7,890148.0047,TSLA
2022-11-27 01:00:00,0.427,0.446,0.425,0.428,2066978,2022-11-28 00:59:59,895193.201,4321,1042921,452967.9634,TSLA
2022-11-28 01:00:00,0.428,0.435,0.39,0.416,4742887.7,2022-11-29 00:59:59,1953300.3629,9231,1939660.6,793869.0007,TSLA
2022-11-29 01:00:00,0.41,0.43,0.403,0.424,1779368.3,2022-11-30 00:59:59,740354.2739,4410,934090.6,389388.538,TSLA
2022-11-30 01:00:00,0.426,0.438,0.423,0.432,2129424.6,2022-12-01 00:59:59,915425.1123,3767,1099917.9,473634.0191,TSLA
2022-12-01 01:00:00,0.422,0.446,0.419,0.432,2462580.9,2022-12-02 00:59:59,1063452.3647,5575,1298889.7,561182.7858,TSLA
2022-12-02 01:00:00,0.414,0.435,0.413,0.426,2185662.5,2022-12-03 00:59:59,931663.3958,4195,1216746.5,518947.3043,TSLA
2022-12-03 01:00:00,0.421,0.485,0.418,0.439,16400410.7,2022-12-04 00:59:59,7389221.0756,42906,8271710.2,3731510.8918,TSLA
2022-12-04 01:00:00,0.439,0.453,0.429,0.439,3945747.2,2022-12-05 00:59:59,1737742.4772,8733,1826873.8,806336.7155,TSLA
2022-12-05 01:00:00,0.447,0.455,0.435,0.44,2561567.2,2022-12-06 00:59:59,1137340.2687,5328,977809,434481.6012,TSLA
2022-12-06 01:00:00,0.434,0.44,0.425,0.431,1044745.5,2022-12-07 00:59:59,450903.0397,1904,397820.4,172069.9899,TSLA
2022-12-07 01:00:00,0.421,0.427,0.414,0.419,1128363,2022-12-08 00:59:59,474683.6991,2508,590287.2,248768.7504,TSLA
2022-12-08 01:00:00,0.403,0.41,0.394,0.398,840532,2022-12-09 00:59:59,337772.2687,1648,308093.2,124083.2494,TSLA
2022-12-09 01:00:00,0.402,0.405,0.395,0.398,875889.8,2022-12-10 00:59:59,349512.3334,1566,347575.4,139066.8367,TSLA
2022-12-10 01:00:00,0.387,0.393,0.385,0.391,556129.6,2022-12-11 00:59:59,216331.6853,1421,310621.6,121097.1405,TSLA
2022-12-11 01:00:00,0.371,0.374,0.363,0.364,773351.9,2022-12-12 00:59:59,284366.4197,1740,297347.8,109489.4889,TSLA
2022-12-12 01:00:00,0.367,0.369,0.344,0.349,2741999.5,2022-12-13 00:59:59,971107.898,5303,1188739.9,421706.1885,TSLA
2022-12-13 01:00:00,0.349,0.364,0.346,0.35,1640694.6,2022-12-14 00:59:59,578622.0746,2871,806841.7,285311.6233,TSLA
2022-12-14 01:00:00,0.342,0.347,0.34,0.344,528930.2,2022-12-15 00:59:59,181578.8362,1020,237117.8,81548.3271,TSLA
2022-12-15 01:00:00,0.343,0.345,0.332,0.335,990805.1,2022-12-16 00:59:59,334258.3745,1562,356987.5,120533.4225,TSLA
2022-12-16 01:00:00,0.329,0.338,0.326,0.334,555560.2,2022-12-17 00:59:59,185071.5562,1217,279212.9,93163.0248,TSLA
2022-12-17 01:00:00,0.286,0.297,0.285,0.293,1345976,2022-12-18 00:59:59,389534.0994,2148,652748.1,189362.5973,TSLA
2022-12-18 01:00:00,0.298,0.301,0.288,0.29,1512514.3,2022-12-19 00:59:59,444046.9721,3076,743747.7,218912.7565,TSLA
2022-12-19 01:00:00,0.293,0.3,0.29,0.299,829372.7,2022-12-20 00:59:59,245333.4363,1095,454561.1,134524.0663,TSLA
2022-12-20 01:00:00,0.344,0.378,0.343,0.358,6025096.9,2022-12-21 00:59:59,2192597.047,11256,2969856.4,1083243.3383,TSLA
2022-12-21 01:00:00,0.33,0.334,0.313,0.324,1591332.6,2022-12-22 00:59:59,513735.9361,3000,682689.3,220985.9065,TSLA
2022-12-22 01:00:00,0.317,0.322,0.315,0.318,813269.9,2022-12-23 00:59:59,258570.1066,1300,351931,112172.8272,TSLA
2022-12-23 01:00:00,0.319,0.326,0.312,0.319,1271382.4,2022-12-24 00:59:59,404374.8127,1912,688532.4,220067.3573,TSLA
2022-12-24 01:00:00,0.323,0.327,0.32,0.323,695575.2,2022-12-25 00:59:59,224941.637,1178,276554.7,89642.3262,TSLA
2022-12-25 01:00:00,0.321,0.332,0.315,0.32,3559544.5,2022-12-26 00:59:59,1145783.1459,4823,1509033,488021.8596,TSLA
2022-12-26 01:00:00,0.32,0.322,0.31,0.317,3510270.2,2022-12-27 00:59:59,1110189.1346,4601,1391541.7,441140.1196,TSLA
2022-12-27 01:00:00,0.317,0.323,0.31,0.313,3485200.6,2022-12-28 00:59:59,1103693.5016,4758,1559264.3,495325.6962,TSLA
2022-12-28 01:00:00,0.313,0.319,0.305,0.306,1674189.8,2022-12-29 00:59:59,522015.2684,2851,772921.9,241818.5757,TSLA
2022-12-29 01:00:00,0.3,0.313,0.298,0.304,1911099.6,2022-12-30 00:59:59,580027.1116,3632,888330.3,270135.6057,TSLA
2022-12-30 01:00:00,0.304,0.313,0.293,0.3,2430126.4,2022-12-31 00:59:59,729392.8964,3468,1114042.4,334142.4839,TSLA
2022-12-31 01:00:00,0.299,0.304,0.285,0.299,1832028.9,2023-01-01 00:59:59,543574.0232,3064,813605.2,242237.2831,TSLA
2023-01-01 01:00:00,0.299,0.3,0.293,0.298,339251.6,2023-01-02 00:59:59,100830.7667,633,105712.7,31497.6523,TSLA
2023-01-02 01:00:00,0.299,0.304,0.298,0.304,475660.3,2023-01-03 00:59:59,142927.5596,708,187597,56525.2017,TSLA
2023-01-03 01:00:00,0.305,0.311,0.304,0.307,495453.9,2023-01-04 00:59:59,152494.1251,650,247393.7,76278.263,TSLA
2023-01-04 01:00:00,0.307,0.312,0.303,0.311,776866.8,2023-01-05 00:59:59,238836.0491,1004,379272.4,116911.8017,TSLA
2023-01-05 01:00:00,0.308,0.318,0.307,0.31,1018516,2023-01-06 00:59:59,317590.5153,1552,461522.1,144611.4087,TSLA
2023-01-06 01:00:00,0.3,0.303,0.292,0.294,949247.4,2023-01-07 00:59:59,282672.5946,1323,350066.9,104449.0868,TSLA
2023-01-07 01:00:00,0.297,0.302,0.295,0.297,1926985.4,2023-01-08 00:59:59,574215.0631,2329,948162,283223.4217,TSLA
2023-01-08 01:00:00,0.297,0.302,0.297,0.298,315775.8,2023-01-09 00:59:59,94551.8785,432,200016.7,59943.3368,TSLA
2023-01-09 01:00:00,0.299,0.307,0.298,0.302,1336684.8,2023-01-10 00:59:59,404112.8398,1553,704825.6,213412.2676,TSLA
2023-01-10 01:00:00,0.307,0.326,0.304,0.311,2883987.8,2023-01-11 00:59:59,909088.8236,3981,1390286.4,438982.2915,TSLA
2023-01-11 01:00:00,0.361,0.409,0.336,0.402,27396125.4,2023-01-12 00:59:59,10255990.5067,52227,13577749.9,5091116.9004,TSLA
2023-01-12 01:00:00,0.357,0.368,0.338,0.341,6175811.5,2023-01-13 00:59:59,2198258.2555,9581,2560909.5,917888.0863,TSLA
2023-01-13 01:00:00,0.36,0.39,0.357,0.373,4142793.8,2023-01-14 00:59:59,1534557.2702,6589,1969747.2,731279.4353,TSLA
